{"cameraMode":{"drawMode":0,"name":"Shaded","section":"Shading Mode"},"sceneLighting":true,"audioPlay":false,"sceneViewState":{"m_AlwaysRefresh":false,"showFog":true,"showSkybox":true,"showFlares":true,"showImageEffects":true,"showParticleSystems":true,"showVisualEffectGraphs":true,"m_FxEnabled":true},"in2DMode":false,"pivot":{"x":0.31916090846061709,"y":2.068416118621826,"z":1.1550220251083375},"rotation":{"x":-0.027292048558592798,"y":0.035074178129434589,"z":-0.0009205650421790779,"w":-0.9990469217300415},"size":0.4303674101829529,"orthographic":false}