{"cameraMode":{"drawMode":0,"name":"Shaded","section":"Shading Mode"},"sceneLighting":true,"audioPlay":false,"sceneViewState":{"m_AlwaysRefresh":false,"showFog":true,"showSkybox":true,"showFlares":true,"showImageEffects":true,"showParticleSystems":true,"showVisualEffectGraphs":true,"m_FxEnabled":true},"in2DMode":false,"pivot":{"x":449.89947509765627,"y":197.19322204589845,"z":-21.733856201171876},"rotation":{"x":-0.03780016675591469,"y":-0.00808360893279314,"z":0.00039055506931617856,"w":-0.999295711517334},"size":201.22706604003907,"orthographic":false}