{"cameraMode":{"drawMode":0,"name":"Shaded","section":"Shading Mode"},"sceneLighting":true,"audioPlay":false,"sceneViewState":{"m_AlwaysRefresh":false,"showFog":true,"showSkybox":true,"showFlares":true,"showImageEffects":true,"showParticleSystems":true,"showVisualEffectGraphs":true,"m_FxEnabled":true},"in2DMode":false,"pivot":{"x":0.24759048223495484,"y":2.052077531814575,"z":2.0935964584350588},"rotation":{"x":-0.17190343141555787,"y":-0.024213094264268876,"z":0.004294030833989382,"w":-0.9848443865776062},"size":0.8095213174819946,"orthographic":false}